UpdateCycle,EpisodeAtUpdate,TotalLoss,ActorLoss,CriticLoss,Entropy
1,23,0.4181,-0.0347,0.9331,1.3770
2,44,0.4689,0.0211,0.9231,1.3709
3,67,0.4659,0.0246,0.9100,1.3783
4,90,0.2758,-0.0961,0.7712,1.3702
5,109,0.2670,-0.0561,0.6730,1.3423
6,129,0.4607,0.0833,0.7814,1.3325
7,145,0.3629,-0.0167,0.7855,1.3161
8,159,0.3680,0.0113,0.7383,1.2450
9,170,0.2636,-0.2754,1.1034,1.2733
10,187,0.4230,0.1570,0.5568,1.2390
11,202,0.2299,-0.0360,0.5568,1.2558
12,217,0.2039,-0.0203,0.4723,1.2030
13,225,0.4125,-0.0081,0.8666,1.2700
14,240,0.1994,-0.0045,0.4325,1.2321
15,255,0.2579,0.0219,0.4960,1.2012
16,273,0.2220,0.0149,0.4374,1.1549
17,288,0.2601,0.0420,0.4598,1.1736
18,297,0.1861,-0.1559,0.7077,1.1805
19,302,0.2911,-0.1161,0.8386,1.2163
20,306,0.5540,0.1021,0.9287,1.2473
21,308,0.2381,-0.1478,0.7971,1.2678
22,310,0.3951,-0.0244,0.8633,1.2147
23,316,0.5852,0.1464,0.9016,1.1996
24,319,0.2824,-0.0653,0.7207,1.2667
25,324,0.1866,-0.1921,0.7811,1.1887
26,328,0.3727,0.1346,0.5007,1.2202
27,331,0.1266,-0.1001,0.4790,1.2814
28,333,0.0576,-0.1074,0.3556,1.2862
29,335,0.2286,0.0100,0.4623,1.2600
30,339,0.4700,0.0876,0.7888,1.1987
31,344,0.4187,0.0272,0.8069,1.1959
32,354,0.2603,0.0025,0.5383,1.1306
33,358,0.3064,-0.1392,0.9135,1.1165
34,362,0.4175,0.0187,0.8195,1.1018
35,365,0.4312,0.0215,0.8434,1.2060
36,367,0.1773,-0.1672,0.7118,1.1450
37,372,0.5253,0.1567,0.7594,1.1068
38,376,0.2263,-0.0038,0.4832,1.1508
39,378,0.2045,-0.0926,0.6177,1.1731
40,381,0.3112,-0.0165,0.6790,1.1856
41,384,0.3406,0.0651,0.5741,1.1555
42,389,0.0476,-0.1137,0.3461,1.1756
43,391,0.3967,0.0005,0.8155,1.1566
44,394,0.2977,-0.1410,0.8993,1.0917
45,398,0.4171,0.1519,0.5520,1.0765
46,400,0.1447,-0.1082,0.5283,1.1213
47,402,0.3671,0.1359,0.4842,1.0900
48,404,0.2694,-0.0840,0.7296,1.1358
49,406,0.2086,0.0312,0.3767,1.0922
50,411,0.5259,0.1015,0.8698,1.0466
51,414,0.1540,-0.0595,0.4488,1.0944
52,416,0.2616,-0.0343,0.6145,1.1392
53,420,0.5548,0.1447,0.8426,1.1133
54,422,0.2211,-0.1186,0.7008,1.0742
55,425,0.4969,0.1029,0.8108,1.1360
56,429,0.3221,0.0852,0.4940,1.0203
57,434,-0.0619,-0.5255,0.9486,1.0755
58,437,0.2275,0.0995,0.2764,1.0145
59,439,0.3130,-0.0220,0.6899,0.9925
60,441,0.1466,-0.3722,1.0550,0.8682
61,447,0.4982,0.2597,0.4965,0.9771
62,451,0.1471,-0.0350,0.3834,0.9534
63,455,0.1473,-0.0921,0.4978,0.9489
64,457,0.6891,0.2115,0.9753,1.0106
65,459,0.4072,-0.0153,0.8635,0.9284
66,462,0.1761,-0.0673,0.5050,0.9122
67,465,0.1073,-0.0425,0.3169,0.8661
68,468,0.7035,0.0600,1.3048,0.8951
69,470,0.1963,-0.2885,0.9860,0.8208
70,473,0.5126,0.2847,0.4740,0.9163
71,475,0.3071,-0.0225,0.6778,0.9235
72,477,0.0779,-0.1245,0.4235,0.9400
73,479,0.1902,0.0212,0.3562,0.9114
74,481,0.2897,0.0212,0.5551,0.9073
75,483,0.3625,0.0314,0.6800,0.8864
76,487,0.6420,0.1535,0.9959,0.9377
77,489,0.1758,-0.1479,0.6651,0.8879
78,491,0.2022,-0.0713,0.5652,0.9124
79,493,0.4662,0.0605,0.8314,0.9948
80,495,0.2278,0.0060,0.4605,0.8414
81,499,0.5314,0.0897,0.9022,0.9401
82,504,0.0995,-0.0713,0.3610,0.9680
83,509,0.3895,0.0890,0.6192,0.9132
84,511,0.1498,-0.1211,0.5599,0.9001
85,513,0.6324,-0.0669,1.4162,0.8727
86,515,0.2629,0.0904,0.3629,0.8850
87,518,0.3579,-0.0024,0.7397,0.9529
88,522,0.2214,-0.2423,0.9448,0.8779
89,525,0.6953,0.2097,0.9896,0.9158
90,529,0.3247,-0.0157,0.6995,0.9373
91,531,0.2997,-0.1207,0.8604,0.9780
92,534,0.2375,0.0177,0.4589,0.9705
93,536,0.0456,-0.1461,0.4026,0.9592
94,539,0.1844,-0.0023,0.3917,0.9194
95,541,0.2704,-0.1390,0.8361,0.8657
96,543,0.3883,0.2020,0.3928,1.0130
97,545,0.0537,-0.0993,0.3262,1.0082
98,548,0.5060,0.1350,0.7615,0.9683
99,550,0.0948,-0.0520,0.3111,0.8767
100,554,1.0584,0.5245,1.0853,0.8796
101,556,-0.1707,-0.4005,0.4793,0.9853
102,559,0.1697,0.0015,0.3549,0.9229
103,561,0.1831,0.0354,0.3155,1.0072
104,565,0.8315,0.1515,1.3795,0.9797
105,567,-0.0598,-0.2322,0.3628,0.9057
106,569,0.3764,0.1367,0.4993,0.9951
107,573,0.4145,0.0418,0.7648,0.9754
108,576,0.4100,0.0908,0.6569,0.9283
109,578,0.0635,-0.0368,0.2206,1.0025
110,580,0.1905,-0.0865,0.5725,0.9194
111,583,0.5469,0.1112,0.8889,0.8774
112,585,0.1207,0.0138,0.2339,1.0075
113,589,0.3712,0.1472,0.4675,0.9755
114,591,0.0287,-0.1696,0.4162,0.9738
115,593,0.0553,0.0079,0.1159,1.0556
116,597,0.7446,0.1638,1.1800,0.9207
117,599,0.0606,-0.1804,0.5032,1.0630
118,601,0.2112,-0.0687,0.5807,1.0475
119,604,0.3881,0.1203,0.5565,1.0448
120,606,0.1390,-0.0270,0.3522,1.0032
121,608,-0.0590,-0.0840,0.0719,1.0913
122,610,0.0251,-0.1043,0.2794,1.0282
123,612,0.1497,0.0177,0.2854,1.0652
124,614,0.0392,0.0126,0.0717,0.9303
125,618,0.8227,0.4031,0.8562,0.8490
126,620,-0.0588,-0.1803,0.2622,0.9586
127,623,0.5135,0.0377,0.9723,1.0409
128,625,0.1046,0.0062,0.2189,1.1004
129,628,0.2608,0.0509,0.4363,0.8312
130,631,0.1436,-0.0374,0.3819,0.9955
131,634,0.2980,0.0298,0.5560,0.9745
132,637,0.3911,0.0589,0.6830,0.9238
133,641,0.4540,0.1097,0.7082,0.9744
134,643,0.0823,-0.0966,0.3777,0.9937
135,645,0.0130,-0.1137,0.2709,0.8699
136,647,0.0884,0.0342,0.1262,0.8983
137,651,1.2400,0.4489,1.5994,0.8604
138,654,0.5152,0.0921,0.8613,0.7532
139,656,-0.1321,-0.2278,0.2112,0.9863
140,658,-0.0017,-0.1202,0.2538,0.8409
141,661,0.3388,0.1046,0.4900,1.0833
142,663,0.0718,-0.0054,0.1757,1.0589
143,665,0.0792,-0.0236,0.2268,1.0648
144,668,1.0589,0.2213,1.6933,0.9037
145,670,-0.0262,-0.0853,0.1394,1.0566
146,672,0.1012,0.0500,0.1219,0.9720
147,675,0.4181,0.1073,0.6398,0.9165
148,677,0.0095,-0.0809,0.1976,0.8453
149,679,0.2442,-0.0386,0.5865,1.0509
150,681,0.1076,0.0159,0.2031,0.9813
151,683,-0.0311,-0.1078,0.1741,1.0312
152,685,0.1014,0.0514,0.1209,1.0452
153,687,0.0689,0.0312,0.0966,1.0598
154,690,0.4187,0.0224,0.8128,1.0102
155,692,0.0189,-0.0447,0.1470,0.9919
156,694,0.0079,-0.0439,0.1228,0.9571
157,696,0.0159,-0.0073,0.0653,0.9473
158,699,0.5788,0.2604,0.6549,0.9101
159,701,0.1204,-0.0228,0.3059,0.9766
160,704,0.1739,-0.0399,0.4473,0.9862
161,706,0.4178,0.1421,0.5701,0.9339
162,708,0.0060,-0.0719,0.1736,0.8844
163,710,-0.0979,-0.1434,0.1116,1.0324
164,712,0.1052,0.0690,0.0934,1.0561
165,714,0.0675,0.0340,0.0876,1.0289
166,716,0.0187,-0.0085,0.0744,0.9976
167,718,0.2078,0.1041,0.2264,0.9550
168,720,-0.0911,-0.1375,0.1126,0.9842
169,722,0.0605,0.0281,0.0830,0.9048
170,724,0.0523,0.0170,0.0893,0.9398
171,726,0.1322,0.0717,0.1394,0.9237
172,728,-0.0093,-0.0293,0.0590,0.9489
173,730,0.0413,-0.0153,0.1283,0.7598
174,732,0.1490,0.0740,0.1669,0.8504
175,734,-0.0297,-0.0546,0.0683,0.9278
176,736,0.0839,0.0303,0.1260,0.9353
177,738,0.0159,0.0002,0.0490,0.8722
178,741,0.5157,0.1757,0.6982,0.9084
179,745,0.4161,0.0316,0.7852,0.8053
180,747,0.1160,-0.1817,0.6143,0.9355
181,750,0.2459,0.0560,0.3994,0.9779
182,752,0.0612,0.0231,0.0953,0.9466
183,754,0.2557,0.0914,0.3478,0.9676
184,757,0.6816,0.1638,1.0526,0.8502
185,759,-0.1446,-0.1906,0.1130,1.0479
186,761,0.2034,-0.0322,0.4898,0.9273
187,765,0.4436,0.0505,0.8053,0.9587
188,767,0.2650,-0.0243,0.5977,0.9526
189,769,0.3747,0.1236,0.5172,0.7448
190,771,-0.0278,-0.0901,0.1456,1.0443
191,773,0.3335,0.0635,0.5599,0.9966
192,775,0.0030,-0.1135,0.2517,0.9446
193,777,-0.0785,-0.0979,0.0594,1.0294
194,779,0.1560,0.1022,0.1266,0.9506
195,781,-0.0160,-0.0360,0.0548,0.7480
196,784,0.2639,0.0625,0.4212,0.9247
197,787,0.6619,0.1893,0.9584,0.6577
198,789,-0.0769,-0.1855,0.2363,0.9638
199,791,0.0316,-0.0193,0.1220,1.0089
200,793,-0.0064,-0.0184,0.0432,0.9649
201,796,0.6114,0.2336,0.7739,0.9037
202,798,0.2096,0.0029,0.4309,0.8686
203,800,-0.0613,-0.1243,0.1470,1.0520
204,802,0.0100,-0.0098,0.0608,1.0600
205,804,-0.0035,-0.0245,0.0632,1.0521
206,806,0.1448,-0.0346,0.3779,0.9449
207,808,0.0605,0.0346,0.0711,0.9631
208,810,0.0089,-0.0068,0.0504,0.9487
209,812,0.0928,0.0620,0.0824,1.0357
210,815,0.3104,0.1197,0.4007,0.9675
211,817,-0.0887,-0.1637,0.1699,0.9982
212,820,0.2249,0.0279,0.4125,0.9200
213,822,0.0075,-0.0440,0.1230,1.0023
214,825,0.4043,0.1490,0.5308,1.0088
215,827,0.0218,-0.0309,0.1204,0.7505
216,829,-0.0250,-0.0555,0.0815,1.0231
217,831,0.2472,0.0080,0.4969,0.9332
218,833,0.0623,-0.0114,0.1670,0.9785
219,836,0.3775,0.1450,0.4839,0.9489
220,838,-0.0640,-0.1393,0.1717,1.0552
221,840,0.2806,0.0379,0.5067,1.0649
222,843,0.3667,0.1015,0.5478,0.8717
223,845,0.1177,-0.1216,0.4979,0.9660
224,848,0.4201,0.1635,0.5279,0.7318
225,851,0.2588,0.0308,0.4767,1.0354
226,854,0.1342,-0.0217,0.3262,0.7226
227,857,0.3856,0.0865,0.6176,0.9670
228,860,0.1362,-0.1002,0.4876,0.7495
229,863,0.6008,0.4029,0.4123,0.8298
230,868,0.3311,-0.0803,0.8403,0.8821
231,870,0.1307,-0.1551,0.5924,1.0447
232,873,0.1731,-0.0055,0.3774,1.0147
233,875,-0.0606,-0.1344,0.1693,1.0844
234,878,0.4451,0.1707,0.5665,0.8796
235,881,0.5550,0.2065,0.7095,0.6240
236,884,0.0521,-0.1560,0.4346,0.9183
237,886,0.0345,-0.0569,0.2048,1.0913
238,889,0.5714,0.2783,0.6054,0.9572
239,892,0.1871,-0.0198,0.4305,0.8351
240,894,-0.1009,-0.2084,0.2366,1.0820
241,896,0.0274,-0.0433,0.1620,1.0250
242,900,0.7324,0.3858,0.7103,0.8529
243,902,-0.0709,-0.1408,0.1609,1.0575
244,905,0.6415,0.2422,0.8185,0.9960
245,907,0.0713,-0.0690,0.2992,0.9279
246,910,0.4542,0.2117,0.5023,0.8692
247,912,-0.0842,-0.1245,0.1008,1.0047
248,915,0.3341,0.0668,0.5547,1.0085
249,917,0.0434,0.0043,0.0992,1.0482
250,920,0.2746,0.0192,0.5312,1.0184
251,922,0.1187,-0.1105,0.4783,1.0034
252,924,0.0174,-0.1074,0.2711,1.0745
253,927,0.6893,0.2117,0.9722,0.8497
254,929,0.0558,-0.0941,0.3199,1.0052
255,932,0.2870,0.0361,0.5227,1.0547
256,934,0.0244,-0.0352,0.1402,1.0486
257,937,0.2515,0.0313,0.4611,1.0300
258,939,0.1836,0.1165,0.1510,0.8475
259,942,0.4533,0.0672,0.7911,0.9417
260,944,0.0249,-0.0186,0.1047,0.8816
261,946,0.0320,-0.0455,0.1703,0.7637
262,949,0.8192,0.3867,0.8828,0.8902
263,952,0.1221,-0.0926,0.4492,0.9880
264,955,0.3587,0.0483,0.6359,0.7600
265,958,-0.0202,-0.2154,0.4112,1.0425
266,960,-0.0340,-0.0752,0.1036,1.0637
267,962,0.2395,0.0551,0.3901,1.0662
268,964,0.4326,0.1168,0.6527,1.0620
269,969,0.8962,0.4833,0.8453,0.9757
270,973,0.2667,0.0163,0.5184,0.8821
271,975,0.0167,-0.2288,0.5065,0.7810
272,977,0.1723,-0.1350,0.6337,0.9534
273,980,0.4965,0.3132,0.3866,0.9969
274,983,0.1563,-0.0196,0.3728,1.0428
275,985,-0.0619,-0.0881,0.0740,1.0800
276,992,1.0450,0.4408,1.2214,0.6584
277,996,0.3506,0.0890,0.5413,0.8979
278,998,0.1243,-0.2027,0.6752,1.0613
279,1000,0.0599,-0.0468,0.2337,1.0151
280,1002,-0.0826,-0.1085,0.0740,1.1142
281,1005,0.8451,0.5071,0.6911,0.7468
282,1009,0.5503,0.1630,0.7919,0.8637
283,1011,0.0797,-0.0906,0.3565,0.7915
284,1013,-0.1441,-0.1669,0.0639,0.9170
285,1018,0.9288,0.3745,1.1264,0.8956
286,1021,0.2204,0.0827,0.2915,0.8108
287,1023,-0.0759,-0.1072,0.0840,1.0696
288,1026,0.4314,0.1138,0.6557,1.0262
289,1030,0.3120,0.0314,0.5768,0.7795
290,1032,0.1941,-0.0141,0.4352,0.9386
291,1037,0.4530,0.0911,0.7426,0.9453
292,1039,0.0327,-0.0309,0.1465,0.9657
293,1042,0.1938,-0.1288,0.6650,0.9906
294,1044,0.1378,0.0098,0.2764,1.0201
295,1046,0.0103,-0.0929,0.2235,0.8546
296,1048,0.4656,0.2666,0.4172,0.9536
297,1050,-0.0763,-0.0995,0.0672,1.0389
298,1053,0.5335,0.2110,0.6651,1.0042
299,1056,0.4098,0.1292,0.5777,0.8258
300,1059,0.1165,-0.0318,0.3168,1.0061
301,1061,0.1050,-0.0521,0.3285,0.7153
302,1063,-0.1819,-0.2549,0.1668,1.0456
303,1066,0.3464,0.1787,0.3543,0.9452
304,1069,0.2145,0.0165,0.4166,1.0293
305,1071,0.0489,-0.0398,0.1986,1.0589
306,1073,0.0162,-0.0299,0.1096,0.8669
307,1075,-0.0646,-0.0824,0.0555,0.9970
308,1077,0.0455,0.0359,0.0400,1.0322
309,1079,0.0160,0.0061,0.0369,0.8609
310,1082,0.5254,0.2797,0.5074,0.7978
311,1084,-0.1236,-0.1369,0.0473,1.0301
312,1086,0.2388,0.1830,0.1297,0.9010
313,1088,-0.1959,-0.2235,0.0712,0.8071
314,1090,0.0509,0.0301,0.0622,1.0228
315,1093,1.0052,0.2522,1.5265,1.0233
316,1095,0.0279,-0.0027,0.0825,1.0684
317,1097,-0.0093,-0.0406,0.0833,1.0364
318,1099,0.0622,0.0136,0.1168,0.9794
319,1102,0.3472,0.1661,0.3786,0.8142
320,1104,-0.0849,-0.0950,0.0415,1.0683
321,1107,0.2840,0.0740,0.4380,0.8982
322,1109,-0.0106,-0.0674,0.1345,1.0541
323,1111,-0.1346,-0.1773,0.1035,0.9043
324,1113,0.2113,0.1781,0.0876,1.0571
325,1115,0.1794,-0.0188,0.4138,0.8720
326,1117,-0.0273,-0.0387,0.0439,1.0515
327,1119,0.0162,-0.0130,0.0797,1.0711
328,1121,0.0419,0.0229,0.0560,0.9017
329,1125,0.9308,0.5226,0.8339,0.8689
330,1127,-0.0816,-0.1207,0.0960,0.8899
331,1130,0.1717,-0.0777,0.5207,1.0890
332,1132,0.3938,0.1271,0.5510,0.8801
333,1134,0.0531,-0.0618,0.2517,1.0918
334,1137,0.0467,-0.1742,0.4617,0.9921
335,1139,0.6097,0.3221,0.5956,1.0164
336,1141,0.0057,-0.0430,0.1206,1.1607
337,1143,-0.0692,-0.1931,0.2693,1.0753
338,1147,1.4075,0.6220,1.5906,0.9871
339,1149,0.1365,0.0545,0.1851,1.0572
340,1151,-0.0763,-0.1191,0.1050,0.9689
341,1153,0.1407,-0.0525,0.4056,0.9627
342,1155,0.2051,0.1666,0.0972,1.0054
343,1159,0.9250,0.5503,0.7652,0.7921
344,1161,-0.1347,-0.2550,0.2602,0.9880
345,1165,0.4551,0.1046,0.7182,0.8668
346,1167,0.3275,0.0861,0.5001,0.8633
347,1169,-0.0444,-0.1469,0.2233,0.9131
348,1171,0.1192,-0.1167,0.4855,0.6858
349,1174,0.3317,0.0849,0.5097,0.7969
350,1177,0.5641,0.3118,0.5214,0.8382
351,1180,0.1970,0.0612,0.2899,0.9092
352,1183,0.0997,-0.0441,0.3058,0.9078
353,1185,-0.1203,-0.2083,0.1956,0.9781
354,1188,0.3042,0.2172,0.1883,0.7169
355,1192,0.6358,0.2770,0.7331,0.7762
356,1194,-0.2262,-0.4796,0.5271,1.0167
357,1197,0.2950,0.0962,0.4130,0.7689
358,1202,0.2997,0.0419,0.5286,0.6523
359,1204,0.0125,-0.1541,0.3504,0.8623
360,1208,0.2967,0.0901,0.4293,0.8018
361,1210,-0.1174,-0.1815,0.1491,1.0425
362,1212,0.0613,0.0249,0.0897,0.8457
363,1216,0.9385,0.4680,0.9574,0.8163
364,1218,-0.0975,-0.1656,0.1558,0.9876
365,1220,-0.0148,-0.0252,0.0420,1.0620
366,1222,0.0941,0.0572,0.0910,0.8672
367,1225,0.3715,0.1237,0.5158,1.0156
368,1227,0.0408,-0.0807,0.2631,1.0095
369,1231,0.7790,0.4371,0.6966,0.6418
370,1234,0.1447,-0.0872,0.4847,1.0435
371,1236,0.0211,-0.1852,0.4303,0.8909
372,1240,0.5428,0.2819,0.5397,0.9000
373,1242,-0.0032,-0.0608,0.1376,1.1189
374,1245,0.1460,0.0659,0.1756,0.7705
375,1248,-0.0494,-0.2078,0.3376,1.0323
376,1250,0.3354,0.1061,0.4798,1.0520
377,1252,0.0434,0.0291,0.0478,0.9682
378,1254,0.0372,-0.0677,0.2273,0.8797
379,1256,-0.0762,-0.0878,0.0425,0.9759
380,1258,0.0219,0.0093,0.0447,0.9772
381,1260,-0.0036,-0.0129,0.0365,0.8938
382,1264,1.1544,0.6316,1.0576,0.5956
383,1266,-0.1149,-0.1494,0.0897,1.0364
384,1269,0.3641,0.2122,0.3209,0.8522
385,1273,0.3727,0.1309,0.5012,0.8752
386,1275,-0.0244,-0.1076,0.1854,0.9485
387,1281,0.9000,0.3573,1.1005,0.7579
388,1285,0.3913,0.0725,0.6535,0.7979
389,1287,-0.1564,-0.3444,0.3953,0.9599
390,1290,0.0077,-0.1833,0.3978,0.7928
391,1292,0.0317,-0.0126,0.1082,0.9855
392,1294,0.0494,0.0326,0.0533,0.9852
393,1296,0.0614,-0.0195,0.1791,0.8655
394,1298,-0.0152,-0.0192,0.0269,0.9454
395,1301,0.3490,0.1517,0.4113,0.8373
396,1303,-0.0669,-0.0940,0.0733,0.9514
397,1307,0.7290,0.2510,0.9742,0.9065
398,1309,0.0978,-0.0420,0.2987,0.9536
399,1311,-0.0203,-0.0529,0.0833,0.9057
400,1313,-0.0104,-0.0311,0.0602,0.9358
401,1316,0.2174,0.0205,0.4099,0.8072
402,1319,0.6457,0.3129,0.6829,0.8663
403,1323,0.2740,-0.0222,0.6116,0.9592
404,1325,-0.0984,-0.1785,0.1773,0.8557
405,1327,0.1114,0.0730,0.0956,0.9395
406,1330,0.2233,0.1288,0.2048,0.7902
407,1333,0.0111,-0.0234,0.0851,0.8113
408,1335,-0.0320,-0.1184,0.1916,0.9390
409,1338,0.4755,0.0622,0.8447,0.9078
410,1340,-0.0032,-0.0447,0.0993,0.8099
411,1342,0.1388,-0.0006,0.2973,0.9282
412,1345,0.4474,0.2850,0.3423,0.8769
413,1347,-0.1041,-0.1313,0.0747,1.0125
414,1351,0.4648,0.1033,0.7423,0.9674
415,1353,-0.0228,-0.0432,0.0600,0.9677
416,1356,0.1529,0.0235,0.2784,0.9817
417,1358,0.1435,0.0277,0.2499,0.9097
418,1360,0.1681,0.0569,0.2372,0.7459
419,1362,-0.1766,-0.2667,0.1992,0.9492
420,1364,0.0922,0.0486,0.1073,1.0082
421,1369,1.1460,0.5911,1.1261,0.8180
422,1373,0.5277,0.1846,0.7041,0.8987
423,1375,0.0127,-0.1333,0.3119,1.0030
424,1380,0.8088,0.1933,1.2486,0.8828
425,1383,0.0515,-0.1865,0.4969,1.0400
426,1385,0.0810,-0.1268,0.4357,1.0005
427,1388,0.4551,0.1726,0.5855,1.0280
428,1392,0.4886,0.2290,0.5360,0.8407
429,1394,0.0300,-0.1913,0.4585,0.7996
430,1396,-0.0654,-0.0989,0.0875,1.0192
431,1400,0.6752,0.2474,0.8731,0.8803
432,1403,0.3352,0.0173,0.6545,0.9359
433,1407,0.2190,0.0491,0.3592,0.9673
434,1410,-0.0475,-0.1611,0.2478,1.0386
435,1414,0.2528,0.0167,0.4895,0.8665
436,1416,0.5886,0.2107,0.7738,0.9017
437,1420,0.1677,-0.0353,0.4254,0.9661
438,1424,0.2860,0.0479,0.4952,0.9452
439,1426,0.1121,-0.0301,0.3046,1.0154
440,1428,-0.0643,-0.0936,0.0788,1.0120
441,1432,0.4567,0.1636,0.6043,0.9032
442,1434,-0.0273,-0.0644,0.0902,0.8059
443,1437,0.1611,-0.0731,0.4840,0.7843
444,1439,0.0953,-0.0924,0.3958,1.0156
445,1443,0.3888,0.2771,0.2408,0.8704
446,1446,0.1533,-0.0420,0.4105,0.9946
447,1451,0.8788,0.4746,0.8227,0.7231
448,1453,0.0111,-0.1439,0.3259,0.8037
449,1456,0.0775,-0.1232,0.4180,0.8286
450,1459,0.0023,-0.0870,0.1974,0.9405
451,1461,0.0340,0.0185,0.0516,1.0291
452,1463,-0.1013,-0.1253,0.0687,1.0395
453,1466,0.6072,0.2324,0.7650,0.7682
454,1470,0.9905,0.3198,1.3577,0.8139
455,1472,-0.0184,-0.0794,0.1419,1.0018
456,1474,0.2452,-0.0148,0.5323,0.6198
457,1476,-0.0814,-0.1924,0.2387,0.8341
458,1478,0.0698,0.0463,0.0651,0.9068
459,1480,0.0490,0.0174,0.0824,0.9623
460,1485,1.1144,0.5072,1.2321,0.8864
461,1487,0.0133,-0.0773,0.1998,0.9308
462,1489,0.1133,-0.0699,0.3841,0.8775
463,1493,0.7243,0.2360,0.9952,0.9309
464,1495,0.0166,-0.0797,0.2131,1.0313
465,1497,0.0639,0.0079,0.1335,1.0781
466,1500,0.3526,-0.0706,0.8627,0.8177
467,1504,0.5120,0.1417,0.7583,0.8911
468,1507,0.1883,0.0425,0.3063,0.7322
469,1511,0.4616,0.1525,0.6362,0.9036
470,1513,-0.0729,-0.2689,0.4103,0.9111
471,1516,0.0013,-0.1008,0.2235,0.9674
472,1520,0.3986,0.1132,0.5887,0.8975
473,1524,0.2477,0.0824,0.3484,0.8887
474,1526,0.1297,-0.0991,0.4768,0.9587
475,1529,0.2087,0.0051,0.4253,0.9072
476,1534,0.6865,0.3605,0.6683,0.8227
477,1537,0.1113,-0.2284,0.6975,0.9001
478,1541,0.5048,0.2878,0.4506,0.8357
479,1543,0.2759,-0.0243,0.6206,1.0003
480,1545,-0.0641,-0.2353,0.3621,0.9826
481,1549,0.4901,0.1934,0.6105,0.8554
482,1551,-0.0895,-0.1743,0.1904,1.0376
483,1554,0.2762,0.1811,0.2076,0.8713
484,1558,0.2071,-0.0480,0.5289,0.9385
485,1560,-0.0609,-0.1390,0.1771,1.0485
486,1563,0.2149,0.0872,0.2744,0.9439
487,1566,0.2206,0.1252,0.2100,0.9620
488,1568,-0.1598,-0.2412,0.1839,1.0472
489,1571,0.4121,0.1076,0.6298,1.0437
490,1573,0.0066,-0.1647,0.3617,0.9496
491,1575,0.0943,0.0044,0.2005,1.0342
492,1577,0.0374,0.0182,0.0580,0.9896
493,1579,0.2225,0.0312,0.3992,0.8298
494,1583,0.5412,0.2725,0.5584,1.0509
495,1586,0.1527,-0.0565,0.4387,1.0146
496,1588,-0.0022,-0.1488,0.3136,1.0213
497,1591,0.6425,0.1575,0.9904,1.0213
498,1593,0.2635,0.1214,0.3034,0.9623
499,1595,0.0436,-0.0481,0.2036,1.0129
500,1597,0.0075,-0.0480,0.1307,0.9886
501,1600,0.1511,0.0245,0.2734,1.0127
502,1603,0.3119,0.0718,0.5009,1.0305
503,1605,-0.0325,-0.0549,0.0660,1.0672
504,1609,0.6720,0.3439,0.6706,0.7168
505,1612,0.3574,-0.0145,0.7628,0.9514
506,1614,0.1389,-0.0395,0.3772,1.0190
507,1616,0.1133,-0.1322,0.5057,0.7401
508,1618,0.0582,-0.0349,0.2075,1.0619
509,1621,0.2277,0.1134,0.2502,1.0791
510,1626,0.5589,0.1511,0.8345,0.9397
511,1628,0.0483,-0.0669,0.2519,1.0795
512,1630,0.2298,-0.0016,0.4818,0.9522
513,1634,0.4956,0.2806,0.4504,1.0210
514,1636,-0.0359,-0.2066,0.3618,1.0250
515,1640,0.6042,0.2704,0.6850,0.8674
516,1643,0.2720,-0.0957,0.7542,0.9374
517,1645,0.0475,-0.0827,0.2792,0.9427
518,1648,0.3091,0.0440,0.5453,0.7561
519,1650,0.1768,-0.0004,0.3751,1.0383
520,1655,0.5166,0.1744,0.7028,0.9308
521,1658,0.2526,0.0515,0.4231,1.0459
522,1662,0.2959,-0.0601,0.7314,0.9771
523,1665,0.1785,-0.0976,0.5718,0.9739
524,1668,0.3920,0.0350,0.7318,0.9005
525,1671,0.2237,0.0508,0.3669,1.0577
526,1673,0.0882,-0.0153,0.2273,1.0089
527,1675,0.0136,-0.0610,0.1668,0.8748
528,1679,0.5039,0.1044,0.8170,0.8972
529,1681,0.2455,0.0413,0.4255,0.8608
530,1685,0.2635,0.0051,0.5364,0.9872
531,1688,0.1322,0.0011,0.2796,0.8782
532,1692,0.1446,-0.0199,0.3489,0.9954
533,1695,0.1504,-0.0539,0.4276,0.9536
534,1697,-0.0668,-0.2633,0.4124,0.9757
535,1699,0.0614,-0.0177,0.1783,1.0108
536,1701,0.1532,0.0895,0.1452,0.8876
537,1705,0.6708,0.1906,0.9798,0.9627
538,1707,0.2832,0.1077,0.3708,0.9862
539,1709,-0.0266,-0.1007,0.1694,1.0579
540,1712,0.1410,-0.0526,0.4061,0.9407
541,1715,0.4700,0.1446,0.6699,0.9541
542,1718,0.2175,0.0678,0.3181,0.9329
543,1720,-0.2159,-0.4208,0.4300,1.0185
544,1722,0.0586,-0.0023,0.1426,1.0482
545,1724,-0.0164,-0.0350,0.0587,1.0697
546,1727,0.2487,0.1283,0.2601,0.9657
547,1729,-0.0747,-0.2511,0.3730,1.0137
548,1732,0.3555,0.1848,0.3605,0.9583
549,1734,0.1124,-0.0761,0.3951,0.9024
550,1737,0.1829,0.1368,0.1104,0.9043
551,1739,-0.1197,-0.1490,0.0799,1.0620
552,1743,1.1221,0.1872,1.8894,0.9817
553,1745,0.1053,-0.0056,0.2421,1.0184
554,1747,0.2430,0.1559,0.1953,1.0504
555,1749,0.1523,0.0465,0.2307,0.9530
556,1753,0.2330,-0.0057,0.4955,0.9009
557,1756,0.1266,-0.0004,0.2732,0.9642
558,1759,0.0702,-0.0638,0.2864,0.9193
559,1761,-0.0268,-0.1049,0.1779,1.0838
560,1764,0.1404,-0.0100,0.3225,1.0782
561,1766,0.1345,0.0522,0.1860,1.0678
562,1768,0.1196,0.0442,0.1725,1.0915
563,1771,0.1726,0.0029,0.3587,0.9661
564,1773,-0.0412,-0.0639,0.0666,1.0590
565,1775,0.0183,0.0064,0.0454,1.0753
566,1777,-0.0549,-0.1063,0.1220,0.9549
567,1779,0.0653,0.0483,0.0544,1.0219
568,1782,0.2130,-0.0050,0.4565,1.0218
569,1785,0.5064,0.2615,0.5084,0.9366
570,1787,-0.0319,-0.0840,0.1227,0.9234
571,1789,-0.0356,-0.1208,0.1910,1.0302
572,1791,0.0220,0.0213,0.0209,0.9772
573,1793,0.0521,0.0476,0.0294,1.0248
574,1795,0.0492,0.0052,0.1094,1.0681
575,1797,-0.0296,-0.0279,0.0188,1.1074
576,1800,0.2005,0.1461,0.1303,1.0699
577,1804,0.4948,0.1057,0.7958,0.8848
578,1809,0.4962,0.2148,0.5783,0.7812
579,1813,0.1939,-0.0833,0.5725,0.9054
580,1815,-0.0519,-0.2172,0.3475,0.8439
581,1817,-0.1378,-0.2392,0.2237,1.0425
582,1819,-0.1218,-0.2163,0.2094,1.0163
583,1822,0.2391,0.1146,0.2648,0.7974
584,1824,0.1974,-0.0110,0.4336,0.8391
585,1827,0.3082,0.2293,0.1782,1.0231
586,1829,-0.0858,-0.1161,0.0812,1.0305
587,1831,-0.1012,-0.1278,0.0717,0.9291
588,1834,0.2659,0.1908,0.1672,0.8517
589,1838,0.8832,0.5317,0.7140,0.5607
590,1840,-0.2423,-0.3358,0.2078,1.0433
591,1843,0.1855,0.0239,0.3447,1.0764
592,1845,-0.0254,-0.0919,0.1538,1.0464
593,1848,0.2207,-0.0307,0.5204,0.8751
594,1850,0.1358,0.0022,0.2855,0.9183
595,1852,0.0938,0.0260,0.1564,1.0490
596,1854,0.0504,-0.0291,0.1798,1.0432
597,1856,0.2985,0.1943,0.2278,0.9676
598,1858,-0.1257,-0.1421,0.0525,0.9930
599,1861,0.2790,0.1928,0.1909,0.9185
600,1864,0.2583,0.0915,0.3515,0.8941
601,1867,0.1432,-0.0320,0.3663,0.7977
602,1870,0.0223,-0.0232,0.1096,0.9304
603,1874,0.3264,0.0873,0.4966,0.9257
604,1878,0.0570,-0.0366,0.2054,0.9105
605,1880,-0.0210,-0.2043,0.3853,0.9352
606,1882,0.0972,0.0334,0.1443,0.8392
607,1885,0.1669,-0.0188,0.3907,0.9700
608,1887,0.1468,-0.0653,0.4410,0.8371
609,1892,0.6369,0.2164,0.8578,0.8424
610,1898,0.7292,0.2683,0.9389,0.8554
611,1900,0.0943,-0.0930,0.3935,0.9452
612,1906,0.4242,0.1421,0.5810,0.8399
613,1909,0.4645,0.1921,0.5606,0.7826
614,1912,0.7330,-0.1525,1.7880,0.8479
615,1914,-0.0310,-0.2736,0.5031,0.8933
616,1916,-0.1776,-0.2449,0.1559,1.0626
617,1918,-0.0487,-0.1071,0.1343,0.8790
618,1920,0.0875,-0.0129,0.2217,1.0410
619,1923,0.3870,0.2491,0.2966,1.0441
620,1927,0.8055,0.3473,0.9362,0.9831
621,1930,0.1821,0.0119,0.3595,0.9617
622,1933,0.0528,-0.0551,0.2355,0.9896
623,1935,-0.1895,-0.2415,0.1260,1.0910
624,1939,0.2183,0.1214,0.2125,0.9265
625,1942,0.3295,0.0848,0.5102,1.0422
626,1944,0.0273,-0.0970,0.2698,1.0599
627,1947,0.0694,0.0390,0.0808,0.9997
628,1949,0.0883,0.0065,0.1825,0.9529
629,1951,-0.1170,-0.1588,0.1049,1.0668
630,1953,-0.0528,-0.1111,0.1358,0.9600
631,1957,0.8322,0.3674,0.9470,0.8719
632,1960,0.2467,-0.0336,0.5772,0.8251
633,1964,0.5754,0.2823,0.6049,0.9323
634,1968,0.1663,0.0283,0.2962,1.0117
635,1970,0.1110,-0.1345,0.5099,0.9401
636,1973,0.0701,-0.1077,0.3741,0.9220
637,1975,0.0875,-0.0330,0.2559,0.7401
638,1978,0.2106,0.1503,0.1411,1.0269
639,1981,-0.0233,-0.0749,0.1222,0.9513
640,1983,0.2266,0.0047,0.4583,0.7271
641,1987,0.8609,0.3531,1.0332,0.8814
642,1989,0.0374,-0.0444,0.1822,0.9300
643,1992,0.3897,0.1494,0.4968,0.8012
644,1996,0.1686,0.0433,0.2692,0.9352
645,2001,0.5302,0.1025,0.8723,0.8468
646,2003,-0.2269,-0.3394,0.2439,0.9455
647,2006,0.1873,-0.0366,0.4676,0.9944
648,2008,-0.0456,-0.1444,0.2169,0.9685
649,2010,0.1184,0.0763,0.1056,1.0644
650,2012,-0.0352,-0.0983,0.1469,1.0336
651,2014,0.0859,-0.0243,0.2414,1.0502
652,2016,-0.0020,-0.0499,0.1157,0.9978
653,2021,1.7267,0.8788,1.7125,0.8282
654,2023,-0.0691,-0.1254,0.1320,0.9795
655,2026,0.3006,0.1111,0.3990,1.0027
656,2028,0.3416,0.1218,0.4599,1.0154
657,2030,-0.0633,-0.1695,0.2305,0.9112
658,2032,0.0445,-0.0673,0.2417,0.9099
659,2034,0.0880,0.0041,0.1866,0.9377
660,2036,0.7021,0.3737,0.6760,0.9599
661,2040,0.5921,0.1941,0.8135,0.8702
662,2042,0.0319,-0.0310,0.1428,0.8463
663,2044,-0.0628,-0.1031,0.1020,1.0696
664,2047,0.5780,0.2309,0.7117,0.8710
665,2049,0.0750,-0.0193,0.2065,0.9006
666,2055,0.8769,0.5022,0.7647,0.7627
667,2057,-0.0529,-0.1530,0.2178,0.8786
668,2060,0.3021,0.0406,0.5375,0.7219
669,2064,0.3515,0.0402,0.6421,0.9802
670,2066,0.2038,-0.0494,0.5246,0.9131
671,2068,0.0481,-0.0612,0.2374,0.9344
672,2071,0.2987,0.0705,0.4751,0.9371
673,2073,0.0151,-0.0431,0.1358,0.9701
674,2075,0.1231,0.0635,0.1390,0.9876
675,2077,0.0288,0.0047,0.0666,0.9238
676,2080,0.2491,0.0565,0.4043,0.9536
677,2084,0.3542,0.2339,0.2587,0.9014
678,2086,-0.0996,-0.1722,0.1631,0.8944
679,2089,0.1421,-0.0710,0.4443,0.9102
680,2091,0.4122,0.2633,0.3128,0.7432
681,2093,0.0178,-0.0327,0.1177,0.8382
682,2095,0.0810,-0.0808,0.3409,0.8713
683,2097,-0.0054,-0.0314,0.0676,0.7738
684,2099,0.1483,0.0972,0.1197,0.8730
685,2101,-0.0043,-0.0372,0.0824,0.8314
686,2104,0.3779,0.0580,0.6543,0.7243
687,2107,0.3410,0.0760,0.5425,0.6289
688,2110,0.3315,0.0673,0.5426,0.7156
689,2115,0.7104,0.3150,0.8032,0.6173
690,2117,0.0592,-0.3158,0.7618,0.5926
691,2123,0.4709,0.0673,0.8202,0.6500
692,2129,0.6148,0.2232,0.7971,0.6972
693,2134,0.4788,0.1023,0.7644,0.5738
694,2136,0.3329,-0.0569,0.7924,0.6343
695,2139,0.2085,-0.1139,0.6571,0.6145
696,2147,0.9432,0.3567,1.1848,0.5949
697,2154,0.3599,0.0960,0.5408,0.6518
698,2157,0.0134,-0.3471,0.7336,0.6307
699,2162,0.3506,-0.0353,0.7848,0.6551
700,2165,0.1906,-0.1384,0.6711,0.6528
701,2170,0.3417,-0.0221,0.7413,0.6894
702,2176,0.5556,0.2158,0.6929,0.6615
703,2180,0.1664,-0.0951,0.5355,0.6288
704,2184,0.3151,0.0471,0.5485,0.6210
705,2193,0.9318,0.3909,1.0953,0.6673
706,2199,0.4270,0.0610,0.7440,0.6001
707,2204,0.1642,-0.1199,0.5817,0.6753
708,2213,0.6056,0.2345,0.7556,0.6701
709,2221,0.4767,0.1610,0.6474,0.8027
710,2225,0.7427,0.0739,1.3509,0.6633
711,2232,0.2438,-0.1598,0.8232,0.8000
712,2237,-0.0042,-0.3387,0.6838,0.7427
713,2244,0.5694,0.2027,0.7487,0.7645
714,2249,0.2488,0.0274,0.4563,0.6799
715,2254,0.0473,-0.2352,0.5774,0.6258
716,2262,0.7393,0.3371,0.8190,0.7335
717,2267,0.2205,-0.0012,0.4568,0.6683
718,2271,0.5171,-0.0004,1.0456,0.5329
719,2278,0.6108,0.1331,0.9679,0.6196
720,2285,0.4762,0.0620,0.8427,0.7150
721,2288,0.1999,-0.0518,0.5158,0.6245
722,2293,0.1225,-0.1292,0.5167,0.6622
723,2298,0.2456,0.0717,0.3613,0.6721
724,2303,0.0314,-0.0990,0.2754,0.7284
725,2310,0.8087,0.3842,0.8635,0.7198
726,2316,0.1850,-0.1113,0.6054,0.6408
727,2324,0.8726,0.5035,0.7526,0.7149
728,2330,0.5898,0.2466,0.6982,0.5950
729,2335,-0.1339,-0.3624,0.4703,0.6630
730,2343,0.3810,0.1354,0.5051,0.6945
731,2350,0.3507,0.0383,0.6380,0.6643
732,2356,0.2055,-0.1460,0.7157,0.6373
733,2360,0.1602,-0.0684,0.4695,0.6133
734,2365,-0.0183,-0.2445,0.4660,0.6864
735,2369,0.4176,-0.0064,0.8587,0.5295
736,2376,0.5817,0.3084,0.5601,0.6711
737,2380,-0.1066,-0.2337,0.2673,0.6504
738,2389,0.9169,0.4587,0.9312,0.7502
739,2393,0.2007,0.0402,0.3345,0.6812
740,2400,0.2518,-0.0350,0.5878,0.7060
741,2404,0.0681,-0.2580,0.6643,0.6125
742,2410,0.2372,0.0860,0.3159,0.6709
743,2415,1.3992,0.6348,1.5422,0.6626
744,2417,-0.0754,-0.3207,0.5019,0.5613
745,2423,0.4674,0.2635,0.4214,0.6779
746,2432,0.9871,0.3960,1.1955,0.6672
747,2437,0.2070,-0.0521,0.5309,0.6267
748,2445,0.5176,0.1448,0.7582,0.6273
749,2453,0.3917,0.1371,0.5222,0.6525
750,2461,0.2100,-0.0172,0.4665,0.6039
751,2467,0.3504,-0.0175,0.7486,0.6359
752,2475,0.1666,-0.1381,0.6224,0.6460
753,2484,0.5056,0.1936,0.6351,0.5512
754,2486,0.0196,-0.3482,0.7470,0.5770
755,2494,0.2408,0.0042,0.4845,0.5582
756,2502,0.3108,0.0789,0.4771,0.6601
757,2508,0.0244,-0.1283,0.3192,0.6925
758,2513,0.1909,0.0338,0.3279,0.6850
759,2517,0.1665,-0.0396,0.4252,0.6526
760,2524,0.7197,0.3823,0.6868,0.5897
761,2532,0.4028,-0.0615,0.9405,0.5985
762,2535,0.0437,-0.2408,0.5823,0.6598
763,2545,0.7499,0.3742,0.7651,0.6800
764,2551,0.3220,0.0789,0.4980,0.5894
765,2556,0.3570,0.0045,0.7179,0.6437
766,2563,0.2214,-0.0574,0.5689,0.5644
767,2569,0.3415,0.0812,0.5332,0.6367
768,2575,0.1106,-0.0838,0.4018,0.6518
769,2584,0.5646,0.2402,0.6616,0.6424
770,2589,-0.0536,-0.2698,0.4437,0.5663
771,2596,0.4088,0.2279,0.3741,0.6168
772,2602,0.3359,0.1472,0.3872,0.4956
773,2610,0.3075,0.0461,0.5353,0.6248
774,2615,-0.0053,-0.1629,0.3281,0.6382
775,2620,-0.0036,-0.2210,0.4475,0.6380
776,2627,1.1037,0.5758,1.0672,0.5665
777,2633,1.2779,0.6910,1.1859,0.6062
778,2639,0.3921,0.0829,0.6310,0.6356
779,2645,0.0476,-0.1592,0.4262,0.6249
780,2651,0.1539,-0.1365,0.5937,0.6398
781,2658,0.3609,0.1656,0.4023,0.5855
782,2665,0.3369,0.1101,0.4660,0.6133
783,2673,0.4708,0.2252,0.5045,0.6612
784,2681,0.4611,-0.1224,1.1791,0.6041
785,2689,0.3254,0.0289,0.6048,0.5975
786,2695,0.1166,-0.2486,0.7425,0.6057
787,2704,0.7430,0.2990,0.9014,0.6659
788,2707,0.0101,-0.3097,0.6532,0.6832
789,2711,0.0977,-0.1250,0.4588,0.6669
790,2716,0.2250,0.0091,0.4435,0.5822
791,2723,0.6159,0.2245,0.7943,0.5757
792,2728,0.3095,0.0122,0.6054,0.5304
793,2733,0.0130,-0.1570,0.3531,0.6533
794,2740,0.5246,0.2513,0.5581,0.5672
795,2745,0.2247,-0.0584,0.5795,0.6690
796,2754,0.7087,0.3259,0.7794,0.7003
797,2759,0.0614,-0.0696,0.2731,0.5602
798,2765,0.1251,-0.0073,0.2777,0.6516
799,2771,2.3352,0.9190,2.8450,0.6228
800,2776,1.2060,0.5688,1.2865,0.6052
801,2778,-0.1207,-0.4855,0.7420,0.6272
802,2786,0.6862,0.3135,0.7597,0.7059
803,2794,0.4162,0.1434,0.5592,0.6838
804,2803,0.3071,0.0437,0.5403,0.6764
805,2812,0.3289,0.0596,0.5510,0.6210
806,2817,0.5110,0.1442,0.7465,0.6490
807,2823,0.1927,-0.1581,0.7118,0.5132
808,2829,0.4442,0.1200,0.6603,0.5937
809,2836,0.1440,0.0118,0.2770,0.6285
810,2841,-0.0195,-0.2196,0.4132,0.6543
811,2846,0.0603,-0.0176,0.1682,0.6171
812,2848,0.1574,-0.1895,0.7057,0.5959
813,2854,0.3273,0.1461,0.3751,0.6398
814,2860,0.5175,0.3150,0.4196,0.7290
815,2863,-0.0518,-0.2330,0.3747,0.6135
816,2866,0.0074,-0.0879,0.2037,0.6554
817,2872,0.4141,0.2777,0.2848,0.5936
818,2882,1.4008,0.7848,1.2442,0.6106
819,2884,-0.0301,-0.3129,0.5771,0.5786
820,2894,0.8413,0.3876,0.9182,0.5320
821,2903,0.6014,0.1902,0.8341,0.5890
822,2908,0.0481,-0.0997,0.3073,0.5850
823,2910,-0.1558,-0.5380,0.7779,0.6778
824,2915,0.1570,-0.0967,0.5206,0.6504
825,2924,0.6726,0.3530,0.6532,0.6980
826,2929,0.0615,-0.0998,0.3347,0.6060
827,2934,-0.0870,-0.1924,0.2247,0.6917
828,2942,0.6199,0.3504,0.5514,0.6281
829,2947,0.0155,-0.1967,0.4382,0.6956
830,2954,0.7133,0.4205,0.5971,0.5716
831,2961,0.1985,0.0420,0.3254,0.6199
832,2970,0.8411,0.4759,0.7415,0.5565
833,2975,-0.0409,-0.4002,0.7324,0.6797
834,2982,0.1733,-0.0627,0.4852,0.6567
835,2987,0.2260,0.0427,0.3789,0.6049
836,2989,-0.0088,-0.3740,0.7438,0.6705
837,2998,0.7060,0.4241,0.5757,0.6002
838,3003,0.1949,0.0315,0.3391,0.6232
839,3006,-0.1839,-0.3884,0.4212,0.6160
840,3014,0.3693,0.1156,0.5192,0.5962
841,3021,0.2559,0.0502,0.4228,0.5733
842,3031,0.8561,0.4999,0.7229,0.5268
843,3038,0.1443,-0.1909,0.6803,0.4898
844,3046,0.2996,0.0548,0.4999,0.5139
845,3055,0.3629,0.0216,0.6925,0.4882
846,3060,0.2904,-0.1605,0.9147,0.6497
847,3066,0.1693,-0.0946,0.5402,0.6287
848,3069,-0.0980,-0.2709,0.3586,0.6383
849,3073,0.1276,-0.0436,0.3549,0.6245
850,3079,0.6082,0.4203,0.3885,0.6324
851,3085,0.5170,0.1972,0.6528,0.6639
852,3092,0.3658,0.0976,0.5482,0.5974
853,3096,-0.2688,-0.4954,0.4661,0.6446
854,3100,0.0601,-0.1657,0.4644,0.6401
855,3105,0.2733,0.1052,0.3478,0.5804
856,3110,0.0478,-0.0367,0.1816,0.6276
857,3118,0.5032,0.2323,0.5548,0.6504
858,3123,0.1272,-0.0462,0.3590,0.6162
859,3129,0.0693,-0.0500,0.2517,0.6493
860,3139,0.7377,0.3680,0.7506,0.5592
861,3147,0.4008,0.1398,0.5329,0.5479
862,3157,0.2995,0.0385,0.5327,0.5352
863,3164,-0.0697,-0.1628,0.1977,0.5756
864,3175,0.5641,0.2496,0.6384,0.4706
865,3186,0.3704,0.1190,0.5145,0.5858
866,3196,0.0512,-0.3163,0.7464,0.5750
867,3205,0.2111,-0.0080,0.4498,0.5736
868,3212,0.1973,-0.0643,0.5344,0.5626
869,3215,-0.1676,-0.4312,0.5397,0.6316
870,3224,0.6168,0.3354,0.5745,0.5899
871,3234,0.5496,0.2275,0.6569,0.6408
872,3239,-0.0509,-0.2891,0.4890,0.6304
873,3249,0.4249,0.2590,0.3434,0.5836
874,3251,-0.2258,-0.6581,0.8769,0.6217
875,3258,0.0941,-0.0023,0.2061,0.6622
876,3267,0.5328,0.2649,0.5479,0.6000
877,3278,0.5417,0.1873,0.7206,0.5963
878,3286,0.1063,-0.1170,0.4577,0.5565
879,3295,0.2973,-0.0654,0.7350,0.4797
880,3302,0.0639,-0.2111,0.5591,0.4615
881,3312,0.4755,0.2600,0.4410,0.4930
882,3317,0.0714,-0.0849,0.3235,0.5447
883,3329,0.6316,0.2397,0.7933,0.4734
884,3333,-0.0400,-0.2642,0.4587,0.5041
885,3344,0.8792,0.4883,0.7907,0.4468
886,3355,0.4782,0.1651,0.6359,0.4867
887,3361,-0.1353,-0.3799,0.5004,0.5633
888,3369,0.1726,0.0323,0.2881,0.3710
889,3376,0.0261,-0.1585,0.3806,0.5671
890,3383,0.4612,0.2976,0.3366,0.4710
891,3394,0.9286,0.5496,0.7690,0.5492
892,3401,-0.0109,-0.2363,0.4632,0.6194
893,3411,0.3116,0.0866,0.4598,0.4962
894,3417,-0.1935,-0.3541,0.3318,0.5319
895,3423,0.1738,0.0204,0.3184,0.5839
896,3432,0.3755,0.1684,0.4256,0.5724
897,3438,-0.1432,-0.2934,0.3122,0.5951
898,3447,0.7293,0.4034,0.6615,0.4817
899,3455,0.1718,0.0202,0.3143,0.5545
900,3460,-0.0806,-0.1978,0.2460,0.5749
901,3465,-0.0382,-0.0952,0.1268,0.6397
902,3471,0.2092,0.1236,0.1831,0.6032
903,3475,-0.0411,-0.1110,0.1513,0.5697
904,3483,0.6725,0.2896,0.7769,0.5462
905,3489,0.1089,0.0161,0.1980,0.6159
906,3492,0.2396,-0.0674,0.6274,0.6683
907,3497,-0.0483,-0.1604,0.2348,0.5341
908,3499,0.0290,-0.2304,0.5338,0.7531
909,3507,0.6854,0.4494,0.4834,0.5686
910,3512,0.3143,0.1827,0.2770,0.6879
911,3518,0.1848,-0.1107,0.6023,0.5575
912,3522,0.1882,0.0060,0.3756,0.5604
913,3528,0.1444,-0.0005,0.3002,0.5275
914,3532,0.4127,0.1449,0.5478,0.6158
915,3537,0.1588,-0.0474,0.4255,0.6503
916,3543,0.1040,-0.0192,0.2577,0.5653
917,3549,0.1910,0.0580,0.2776,0.5768
918,3559,1.1307,0.6441,0.9827,0.4718
919,3564,-0.0308,-0.0981,0.1462,0.5860
920,3571,0.1679,0.1046,0.1363,0.4770
921,3579,0.4794,0.2734,0.4228,0.5436
922,3587,0.1292,0.0590,0.1516,0.5614
923,3591,-0.1046,-0.2537,0.3080,0.4949
924,3597,0.2369,-0.0168,0.5198,0.6263
925,3604,0.6857,0.4215,0.5404,0.5940
926,3614,0.8020,0.4857,0.6433,0.5343
927,3620,-0.2443,-0.3795,0.2831,0.6381
928,3624,-0.1453,-0.4823,0.6862,0.6099
929,3630,-0.0965,-0.2838,0.3867,0.6040
930,3636,0.8318,0.5065,0.6624,0.5934
931,3644,0.4060,0.0794,0.6629,0.4905
932,3651,0.4406,0.2622,0.3680,0.5618
933,3656,0.0257,-0.2920,0.6476,0.6058
934,3660,0.1753,-0.0156,0.3945,0.6374
935,3666,0.2160,0.0679,0.3075,0.5581
936,3672,0.1926,0.0723,0.2529,0.6191
937,3674,-0.2830,-0.4678,0.3829,0.6618
938,3680,0.2242,0.1232,0.2117,0.4913
939,3689,0.6143,0.3409,0.5581,0.5731
940,3697,0.2594,0.1149,0.2987,0.4832
941,3703,-0.1279,-0.1793,0.1139,0.5570
942,3712,0.1657,0.0938,0.1541,0.5214
943,3718,0.0009,-0.2105,0.4339,0.5617
944,3729,0.9637,0.5289,0.8799,0.5165
945,3740,0.8740,0.4670,0.8252,0.5605
946,3748,0.0684,-0.1151,0.3798,0.6310
947,3754,-0.0795,-0.2725,0.3966,0.5227
948,3761,0.0022,-0.1064,0.2268,0.4790
949,3772,1.2811,0.7584,1.0558,0.5156
950,3781,0.7795,0.3913,0.7869,0.5272
951,3792,0.4632,0.1918,0.5535,0.5314
952,3802,0.1154,-0.0818,0.4046,0.5160
953,3806,-0.2764,-0.6068,0.6727,0.5981
954,3811,-0.0289,-0.3368,0.6278,0.6031
955,3816,0.1213,-0.0551,0.3638,0.5502
956,3823,0.3670,0.1153,0.5158,0.6188
957,3828,0.1373,-0.1467,0.5793,0.5635
958,3833,0.0241,-0.0800,0.2212,0.6479
959,3837,0.0868,-0.0441,0.2726,0.5451
960,3845,0.4841,0.2613,0.4559,0.5103
961,3849,-0.0290,-0.1942,0.3406,0.5189
962,3856,0.3435,0.1634,0.3717,0.5729
963,3865,0.4843,0.2026,0.5750,0.5771
964,3870,0.1177,-0.0801,0.4057,0.5099
965,3877,0.0314,-0.0390,0.1532,0.6266
966,3887,1.1491,0.6768,0.9546,0.5093
967,3892,-0.0802,-0.3183,0.4878,0.5846
968,3898,0.0591,-0.0605,0.2516,0.6184
969,3904,0.2079,0.0786,0.2718,0.6607
970,3915,0.8269,0.5169,0.6320,0.6018
971,3926,0.5642,0.2103,0.7201,0.6195
972,3933,-0.1230,-0.2771,0.3196,0.5744
973,3937,-0.1888,-0.4191,0.4725,0.5941
974,3943,-0.0246,-0.0591,0.0814,0.6189
975,3952,1.0601,0.7076,0.7164,0.5666
976,3958,0.1408,-0.0551,0.4036,0.5854
977,3966,0.3063,0.2034,0.2172,0.5695
978,3973,-0.0489,-0.1438,0.2015,0.5814
979,3979,0.0969,0.0321,0.1410,0.5691
980,3985,0.0685,-0.0336,0.2157,0.5713
981,3990,0.0199,-0.0958,0.2435,0.6066
